structure_id,structure_model,chain,source_uniprot,chain_local_zero_based_index,pdb_residue_label,pdb_residue_number,full_length_zero_based_index,full_length_one_based_position,residue_one_letter,residue_identity_consistent,mapping_offset,mapping_source
1YCR,1,A,Q00987,0,GLU25,25,24,25,E,true,24,RCSB_PDB_1YCR_DBREF_Q00987_17_125|official_RCSB_coordinates|official_UniProt_Q00987_sequence
1YCR,1,A,Q00987,1,THR26,26,25,26,T,true,24,RCSB_PDB_1YCR_DBREF_Q00987_17_125|official_RCSB_coordinates|official_UniProt_Q00987_sequence
1YCR,1,A,Q00987,2,LEU27,27,26,27,L,true,24,RCSB_PDB_1YCR_DBREF_Q00987_17_125|official_RCSB_coordinates|official_UniProt_Q00987_sequence
1YCR,1,A,Q00987,3,VAL28,28,27,28,V,true,24,RCSB_PDB_1YCR_DBREF_Q00987_17_125|official_RCSB_coordinates|official_UniProt_Q00987_sequence
1YCR,1,A,Q00987,23,TYR48,48,47,48,Y,true,24,RCSB_PDB_1YCR_DBREF_Q00987_17_125|official_RCSB_coordinates|official_UniProt_Q00987_sequence
1YCR,1,A,Q00987,24,THR49,49,48,49,T,true,24,RCSB_PDB_1YCR_DBREF_Q00987_17_125|official_RCSB_coordinates|official_UniProt_Q00987_sequence
1YCR,1,A,Q00987,25,MET50,50,49,50,M,true,24,RCSB_PDB_1YCR_DBREF_Q00987_17_125|official_RCSB_coordinates|official_UniProt_Q00987_sequence
1YCR,1,A,Q00987,26,LYS51,51,50,51,K,true,24,RCSB_PDB_1YCR_DBREF_Q00987_17_125|official_RCSB_coordinates|official_UniProt_Q00987_sequence
1YCR,1,A,Q00987,27,GLU52,52,51,52,E,true,24,RCSB_PDB_1YCR_DBREF_Q00987_17_125|official_RCSB_coordinates|official_UniProt_Q00987_sequence
1YCR,1,A,Q00987,28,VAL53,53,52,53,V,true,24,RCSB_PDB_1YCR_DBREF_Q00987_17_125|official_RCSB_coordinates|official_UniProt_Q00987_sequence
1YCR,1,A,Q00987,29,LEU54,54,53,54,L,true,24,RCSB_PDB_1YCR_DBREF_Q00987_17_125|official_RCSB_coordinates|official_UniProt_Q00987_sequence
1YCR,1,A,Q00987,30,PHE55,55,54,55,F,true,24,RCSB_PDB_1YCR_DBREF_Q00987_17_125|official_RCSB_coordinates|official_UniProt_Q00987_sequence
1YCR,1,A,Q00987,31,TYR56,56,55,56,Y,true,24,RCSB_PDB_1YCR_DBREF_Q00987_17_125|official_RCSB_coordinates|official_UniProt_Q00987_sequence
1YCR,1,A,Q00987,32,LEU57,57,56,57,L,true,24,RCSB_PDB_1YCR_DBREF_Q00987_17_125|official_RCSB_coordinates|official_UniProt_Q00987_sequence
1YCR,1,A,Q00987,33,GLY58,58,57,58,G,true,24,RCSB_PDB_1YCR_DBREF_Q00987_17_125|official_RCSB_coordinates|official_UniProt_Q00987_sequence
1YCR,1,A,Q00987,34,GLN59,59,58,59,Q,true,24,RCSB_PDB_1YCR_DBREF_Q00987_17_125|official_RCSB_coordinates|official_UniProt_Q00987_sequence
1YCR,1,A,Q00987,35,TYR60,60,59,60,Y,true,24,RCSB_PDB_1YCR_DBREF_Q00987_17_125|official_RCSB_coordinates|official_UniProt_Q00987_sequence
1YCR,1,A,Q00987,36,ILE61,61,60,61,I,true,24,RCSB_PDB_1YCR_DBREF_Q00987_17_125|official_RCSB_coordinates|official_UniProt_Q00987_sequence
1YCR,1,A,Q00987,37,MET62,62,61,62,M,true,24,RCSB_PDB_1YCR_DBREF_Q00987_17_125|official_RCSB_coordinates|official_UniProt_Q00987_sequence
1YCR,1,A,Q00987,38,THR63,63,62,63,T,true,24,RCSB_PDB_1YCR_DBREF_Q00987_17_125|official_RCSB_coordinates|official_UniProt_Q00987_sequence
1YCR,1,A,Q00987,41,LEU66,66,65,66,L,true,24,RCSB_PDB_1YCR_DBREF_Q00987_17_125|official_RCSB_coordinates|official_UniProt_Q00987_sequence
1YCR,1,A,Q00987,42,TYR67,67,66,67,Y,true,24,RCSB_PDB_1YCR_DBREF_Q00987_17_125|official_RCSB_coordinates|official_UniProt_Q00987_sequence
1YCR,1,A,Q00987,43,ASP68,68,67,68,D,true,24,RCSB_PDB_1YCR_DBREF_Q00987_17_125|official_RCSB_coordinates|official_UniProt_Q00987_sequence
1YCR,1,A,Q00987,44,GLU69,69,68,69,E,true,24,RCSB_PDB_1YCR_DBREF_Q00987_17_125|official_RCSB_coordinates|official_UniProt_Q00987_sequence
1YCR,1,A,Q00987,45,LYS70,70,69,70,K,true,24,RCSB_PDB_1YCR_DBREF_Q00987_17_125|official_RCSB_coordinates|official_UniProt_Q00987_sequence
1YCR,1,A,Q00987,46,GLN71,71,70,71,Q,true,24,RCSB_PDB_1YCR_DBREF_Q00987_17_125|official_RCSB_coordinates|official_UniProt_Q00987_sequence
1YCR,1,A,Q00987,47,GLN72,72,71,72,Q,true,24,RCSB_PDB_1YCR_DBREF_Q00987_17_125|official_RCSB_coordinates|official_UniProt_Q00987_sequence
1YCR,1,A,Q00987,48,HIS73,73,72,73,H,true,24,RCSB_PDB_1YCR_DBREF_Q00987_17_125|official_RCSB_coordinates|official_UniProt_Q00987_sequence
1YCR,1,A,Q00987,49,ILE74,74,73,74,I,true,24,RCSB_PDB_1YCR_DBREF_Q00987_17_125|official_RCSB_coordinates|official_UniProt_Q00987_sequence
1YCR,1,A,Q00987,50,VAL75,75,74,75,V,true,24,RCSB_PDB_1YCR_DBREF_Q00987_17_125|official_RCSB_coordinates|official_UniProt_Q00987_sequence
1YCR,1,A,Q00987,57,LEU82,82,81,82,L,true,24,RCSB_PDB_1YCR_DBREF_Q00987_17_125|official_RCSB_coordinates|official_UniProt_Q00987_sequence
1YCR,1,A,Q00987,61,PHE86,86,85,86,F,true,24,RCSB_PDB_1YCR_DBREF_Q00987_17_125|official_RCSB_coordinates|official_UniProt_Q00987_sequence
1YCR,1,A,Q00987,66,PHE91,91,90,91,F,true,24,RCSB_PDB_1YCR_DBREF_Q00987_17_125|official_RCSB_coordinates|official_UniProt_Q00987_sequence
1YCR,1,A,Q00987,67,SER92,92,91,92,S,true,24,RCSB_PDB_1YCR_DBREF_Q00987_17_125|official_RCSB_coordinates|official_UniProt_Q00987_sequence
1YCR,1,A,Q00987,68,VAL93,93,92,93,V,true,24,RCSB_PDB_1YCR_DBREF_Q00987_17_125|official_RCSB_coordinates|official_UniProt_Q00987_sequence
1YCR,1,A,Q00987,69,LYS94,94,93,94,K,true,24,RCSB_PDB_1YCR_DBREF_Q00987_17_125|official_RCSB_coordinates|official_UniProt_Q00987_sequence
1YCR,1,A,Q00987,70,GLU95,95,94,95,E,true,24,RCSB_PDB_1YCR_DBREF_Q00987_17_125|official_RCSB_coordinates|official_UniProt_Q00987_sequence
1YCR,1,A,Q00987,71,HIS96,96,95,96,H,true,24,RCSB_PDB_1YCR_DBREF_Q00987_17_125|official_RCSB_coordinates|official_UniProt_Q00987_sequence
1YCR,1,A,Q00987,72,ARG97,97,96,97,R,true,24,RCSB_PDB_1YCR_DBREF_Q00987_17_125|official_RCSB_coordinates|official_UniProt_Q00987_sequence
1YCR,1,A,Q00987,73,LYS98,98,97,98,K,true,24,RCSB_PDB_1YCR_DBREF_Q00987_17_125|official_RCSB_coordinates|official_UniProt_Q00987_sequence
1YCR,1,A,Q00987,74,ILE99,99,98,99,I,true,24,RCSB_PDB_1YCR_DBREF_Q00987_17_125|official_RCSB_coordinates|official_UniProt_Q00987_sequence
1YCR,1,A,Q00987,75,TYR100,100,99,100,Y,true,24,RCSB_PDB_1YCR_DBREF_Q00987_17_125|official_RCSB_coordinates|official_UniProt_Q00987_sequence
1YCR,1,A,Q00987,76,THR101,101,100,101,T,true,24,RCSB_PDB_1YCR_DBREF_Q00987_17_125|official_RCSB_coordinates|official_UniProt_Q00987_sequence
1YCR,1,A,Q00987,78,ILE103,103,102,103,I,true,24,RCSB_PDB_1YCR_DBREF_Q00987_17_125|official_RCSB_coordinates|official_UniProt_Q00987_sequence
1YCR,1,A,Q00987,79,TYR104,104,103,104,Y,true,24,RCSB_PDB_1YCR_DBREF_Q00987_17_125|official_RCSB_coordinates|official_UniProt_Q00987_sequence
1YCR,1,A,Q00987,82,LEU107,107,106,107,L,true,24,RCSB_PDB_1YCR_DBREF_Q00987_17_125|official_RCSB_coordinates|official_UniProt_Q00987_sequence
1YCR,1,A,Q00987,84,VAL109,109,108,109,V,true,24,RCSB_PDB_1YCR_DBREF_Q00987_17_125|official_RCSB_coordinates|official_UniProt_Q00987_sequence
